<?xml version="1.0"?>
<mapping>
	<dbms product="Exasol" id="Exasol_id" label="Mapping Exasol"
		default="true">
		<dbTypes>
			<dbType type="VARCHAR" default="true" defaultLength="200" ignoreLen="false" ignorePre="true"/>
			<dbType type="CHAR" defaultLength="20" ignoreLen="false" ignorePre="true"/>
			<dbType type="NUMBER" defaultLength="20" defaultPrecision="10" ignoreLen="false" ignorePre="false"/>
			<dbType type="INT" ignoreLen="true" ignorePre="true"/>
			<dbType type="INTEGER" ignoreLen="true" ignorePre="true"/>
			<dbType type="LONG" ignoreLen="true" ignorePre="true"/>
			<dbType type="FLOAT" ignoreLen="true" ignorePre="true"/>
			<dbType type="BINARY_FLOAT" ignoreLen="true" ignorePre="true"/>
			<dbType type="DOUBLE PRECISION" ignoreLen="true" ignorePre="true"/>
			<dbType type="BINARY_DOUBLE" ignoreLen="true" ignorePre="true"/>
			<dbType type="DATE" ignoreLen="true" ignorePre="true"/>
		</dbTypes>

		<language name="java">
			<talendToDbTypes><!-- Adviced mappings  -->
				<talendType type="id_List">
				</talendType>
				<talendType type="id_Boolean">
				</talendType>
				<talendType type="id_Byte">						
				</talendType>
				<talendType type="id_byte[]">
					<dbType type="CHAR" default="true"/>
				</talendType>
				<talendType type="id_Character">
					<dbType type="CHAR" default="true"/>
				</talendType>
				<talendType type="id_Date">
					<dbType type="DATE" default="true"/>
				</talendType>
				<talendType type="id_BigDecimal">
					<dbType type="NUMBER"/>
				</talendType>
				<talendType type="id_Double">
					<dbType type="DOUBLE PRECISION" default="true"/>
					<dbType type="BINARY_DOUBLE"/>
				</talendType>
				<talendType type="id_Float">
					<dbType type="FLOAT" default="true"/>
					<dbType type="BINARY_FLOAT"/>
				</talendType>
				<talendType type="id_Integer">
					<dbType type="INT" default="true"/>
					<dbType type="INTEGER"/>
				</talendType>
				<talendType type="id_Long">
					<dbType type="NUMBER" default="true"/>
				</talendType>
				<talendType type="id_Object">
				</talendType>
				<talendType type="id_Short">
					<dbType type="INT" default="true"/>
				</talendType>
				<talendType type="id_String">
					<dbType type="CHAR"  default="true"/>
					<dbType type="VARCHAR"/>
				</talendType>
			</talendToDbTypes>
			<dbToTalendTypes><!-- Adviced mappings  -->
				<dbType type="VARCHAR">
					<talendType type="id_String" default="true" />
				</dbType>
				<dbType type="CHAR">
					<talendType type="id_String" default="true" />
					<talendType type="id_Character" />
				</dbType>
				<dbType type="LONG">
					<talendType type="id_String" default="true" />
				</dbType>
				<dbType type="NUMBER">
					<talendType type="id_BigDecimal" default="true" />
				</dbType>
				<dbType type="INT">
					<talendType type="id_Integer" default="true" />
				</dbType>
				<dbType type="INTEGER">
					<talendType type="id_Integer" default="true" />
				</dbType>
				<dbType type="FLOAT">
					<talendType type="id_Float" default="true" />
				</dbType>
				<dbType type="BINARY_FLOAT">
					<talendType type="id_Float" default="true" />
				</dbType>				
				<dbType type="DOUBLE PRECISION">
					<talendType type="id_Double" default="true" />
				</dbType>
				<dbType type="BINARY_DOUBLE">
					<talendType type="id_Double" default="true" />
				</dbType>
				<dbType type="DATE">
					<talendType type="id_Date" default="true" />				
				</dbType>																																
			</dbToTalendTypes>
		</language>
	</dbms>

</mapping>
